time,T_h_model,T_h_meas,T_h_assim,T_c_model,T_c_meas,T_c_assim,mdot_model,mdot_assim,dP_pump_mean
0.0,320.06818972069317,320.0163038715785,320.0717212509608,289.9725002220738,290.01402494779285,289.99626326217043,2.0,2.0,200000.0
0.5,320.1044279908763,319.55607226689733,320.0624194233024,289.9421959384326,290.2345275178369,289.9702658976943,3.99797999599164,3.9979799959797186,199798.0
1.0,320.0921183176251,320.1451751871597,320.1042996752795,289.9191811517928,289.6911705132064,289.90151832762734,5.993902080870633,5.993902080867162,199592.21007837795
1.5,320.1309623352954,319.82000273975626,320.09650262491954,289.8535661115298,289.51807741792175,289.80459248734746,7.987728508526221,7.987728508506417,199382.64636083576
2.0,320.12011873292465,320.2535972191386,320.1230608167497,289.7592062339211,290.8710058513192,289.8495962603997,9.97942169769616,9.979421697518056,199169.32524578655
2.5,320.1436695190114,320.13380490672745,320.160815211129,289.8066604357436,290.3866365445756,289.85011651555374,11.968944231916499,11.968944231669306,198952.26340153973
3.0,320.17839014372777,319.2156192821193,320.09969989682276,289.81077405564344,290.47896173366644,289.85371378767695,13.956258867388794,13.956258866620493,198731.47776382268
3.5,320.11430814194625,319.96544795260485,320.1122106640604,289.8177455494175,289.8812052593297,289.8210951561595,15.941328526702698,15.941328526617697,198506.98553256187
4.0,320.1237809185872,320.7034968652656,320.176256848536,289.7874126320529,289.6831717901092,289.7829745690453,17.92411631336008,17.924116315731943,198278.80416974146
4.5,320.18473249791055,319.4394947740244,320.1148526821229,289.7525865552904,290.0832250067075,289.78613117849875,19.904585507442846,19.904585504267928,198046.95139557685
5.0,320.1203829363169,320.1169120526623,320.1140606535908,289.7595355585128,290.48875553391207,289.81255843428727,21.88269955871444,21.882699559214274,197811.44518752486
5.5,320.11662100584215,320.1546255259659,320.12803886866413,289.78834558440036,289.3912485358258,289.7635630519943,23.858422121781313,23.858422121886704,197572.3037740792
6.0,320.1275307303012,320.89524172443294,320.1820104426484,289.7427372054399,290.0295786024409,289.759061487765,25.831717008054312,25.831717012921473,197329.5456347383
6.5,320.17843087795757,320.41710025929,320.2070115396084,289.74111066357,289.35403067838246,289.7176172002292,27.80254823703576,27.80254823770958,197083.18949679006
7.0,320.2003416824798,320.182430832316,320.2053953960403,289.7027851619307,290.51433878048084,289.7458009371891,29.770880009591615,29.7708800118927,196833.25433197396
7.5,320.19576923516235,320.5581044285742,320.22278766188964,289.7330872533963,290.06354379053283,289.76369990645196,31.73667671118119,31.736676712858348,196579.75935046948
8.0,320.2101684365509,320.2225128740677,320.21324063329627,289.75487291053696,290.1077703295455,289.77058736166845,33.6999029558494,33.699902956615546,196322.7240043259
8.5,320.19765919596085,321.0253631168077,320.2348552986828,289.76413640365945,290.34507168294454,289.7976179444401,35.66052351709427,35.66052351872164,196062.16797469574
9.0,320.21629919347134,320.5106960275413,320.23006885240267,289.794401086464,290.66429529476085,289.84787644859205,37.61850335219486,37.61850335840399,195798.1111793132
9.5,320.2086365077681,319.79404453298633,320.19025669927163,289.8470188813741,289.7729172212758,289.84447015064103,39.573807682311774,39.573807681832236,195530.5737666965
10.0,320.16592606894454,319.91088497284346,320.1607233633632,289.846413476413,289.73390427249495,289.83711854225277,41.526401873306995,41.5264018731327,195259.57610459748
10.5,320.13347613907547,320.24803619791766,320.134538813254,289.8421019266851,289.218995366756,289.81626685170124,43.47625153378689,43.47625153015832,194985.13878642223
11.0,320.1043468580803,320.1676835035879,320.09688504310435,289.82516690559396,289.4445477672593,289.8117582695718,45.423322481954365,45.423322481689205,194707.28262342737
11.5,320.063816774827,319.6066602047156,320.0445420836716,289.82346392623435,290.5122291112248,289.8504525622347,47.36758070675582,47.36758070449718,194426.02863919333
12.0,320.0087453207756,319.7848224547522,319.99664869325187,289.86466423556794,289.2061330444303,289.833781977668,49.30899243766985,49.30899243736656,194141.39807865175
12.5,319.95799795062777,319.3990593893403,319.94464244559816,289.8509226936648,290.571246951438,289.8819338515197,51.24752414532847,51.24752414517965,193853.4123886692
13.0,319.9033247620852,318.8847406622434,319.87726388059093,289.9024375317393,290.1691063159559,289.9063004774345,53.18314246017095,53.1831424501999,193562.09321997664
13.5,319.83328066550325,320.1371056730937,319.8417314018632,289.9291999070437,289.56911922534226,289.9166104441827,55.11581422970022,55.11581423322338,193267.4624345409
14.0,319.7949783171969,320.5671140782527,319.81336548729405,289.94227221297183,290.6828945193654,289.9720691386456,57.04550659759303,57.04550660855418,192969.54208738208
14.5,319.7639641796048,319.33074785544534,319.7534357090992,290.000534329233,289.8129950175359,289.99321394571103,58.97218688725833,58.9721868748791,192668.35442703127
15.0,319.7013987268499,320.3493335369631,319.71088810729555,290.0242642834336,290.1119045992098,290.0262043987825,60.895822604627554,60.895822617919364,192363.92190010924
15.5,319.6562187313306,319.93477861427886,319.6630091575279,290.0595802741673,290.363943077597,290.0668774865291,62.81638160306573,62.81638161601666,192056.26713205152
16.0,319.6057673481719,320.481782698339,319.61953966676214,290.1029082501929,289.4923757036104,290.0926816501419,64.73383178155535,64.73383180195935,191745.41293873382
16.5,319.55968461945173,319.45801144213505,319.5578235445201,290.13203782380333,289.2113892321739,290.1135459461398,66.64814143974245,66.64814143520175,191431.38232992188
17.0,319.4954175113422,319.7468695689168,319.4978843066513,290.1555895699145,289.5041532031255,290.14109430779985,68.55927895123556,68.55927896063066,191114.1984780965
17.5,319.432964574619,318.878340147685,319.4210748895944,290.1854772035706,289.88237670286213,290.17643528126524,70.46721309166017,70.4672130622232,190793.8847381361
18.0,319.3537497627978,319.30270740635046,319.35063181138435,290.22341539344086,290.5241934980383,290.22746917014183,72.37191269774867,72.37191268969713,190470.4646353993
18.5,319.28096114790213,319.44584043515425,319.2837443202583,290.2763510713541,290.3597505643273,290.27980135538246,74.27334707701567,74.27334708215471,190143.9618578477
19.0,319.2117476098427,319.1994747441762,319.21072222761444,290.33164362988583,290.11569803764013,290.3268822623166,76.17148554358305,76.17148554277658,189814.4002483914
19.5,319.13643026341117,319.72985496346126,319.1489867738089,290.3811252235901,290.80620567227146,290.3885649794594,78.06629774654924,78.06629778567452,189481.80384082568
20.0,319.07244007691065,318.32107631019056,319.06002613625384,290.44502446548654,290.70265693263167,290.4465170442306,79.95775369022121,79.95775365653303,189146.19679645178
20.5,318.98134682640614,319.6541760419621,318.9877810690436,290.50507225185754,289.61860200420494,290.49410516674124,81.84582326233269,81.84582328182908,188807.6034494473
21.0,318.90689093662985,319.56037268713294,318.9188623118397,290.5552955738404,290.5211628409327,290.55543325508785,83.73047705966357,83.73047708941958,188466.0482774769
21.5,318.835832425213,318.89225278314234,318.8358991922743,290.6190339590323,290.5813221616576,290.61821172545785,85.61168569047472,85.61168569081201,188121.55589424714
22.0,318.75082528847156,318.37333964704993,318.7449617673613,290.6835997930303,290.46609898631186,290.67780039952356,87.48941989623091,87.48941988433238,187774.1510675076
22.5,318.6578970697812,319.95566670184223,318.6768873380683,290.7456525178612,291.016883997257,290.7543278667701,89.36365089022091,89.36365093539143,187423.85871571823
23.0,318.5878385308909,319.3783102772179,318.5997887557098,290.82488727186524,290.8370533897069,290.8267733688042,91.23434992084502,91.23434996521875,187070.7038522096
23.5,318.5088103911532,318.3341491810401,318.50686674200614,290.8985836430734,290.0233814893799,290.8844060074224,93.10148876765037,93.10148879850874,186714.71169669012
24.0,318.4139964167861,318.65966404107155,318.4174319264437,290.9591350510984,290.76106658038935,290.9556858002175,94.96503919336921,94.96503921073027,186355.90751189968
24.5,318.3227509222737,318.9118253999924,318.3312193932337,291.03177205747966,291.88054894438466,291.04153353520934,96.82497334667585,96.82497335622867,185994.3167427792
25.0,318.2348175236426,317.7714314549405,318.2271435414244,291.1200828066317,290.71664810995617,291.11686648165795,98.68126363139606,98.68126362158765,185629.96493165995
25.5,318.1290940072688,318.63383295910893,318.13640775892316,291.1966940025038,290.62097527707954,291.1875112769108,100.53388257640505,100.53388259856384,185262.8777428646
26.0,318.0366581848828,316.82357864791675,318.0199676094499,291.2699501765292,291.0508912519522,291.26589102833185,102.38280322945556,102.38280319354561,184893.0809649727
26.5,317.9187240273023,318.0090280718084,317.9199355855964,291.3495321459454,292.4664265336912,291.36458616319817,104.22799867150735,104.22799867710472,184520.60048576127
27.0,317.8172593250872,317.7347584726383,317.81673739751614,291.44944061860474,292.1965956579356,291.4578336518753,106.06944244781238,106.06944244273218,184145.46227817226
27.5,317.71265797204535,318.13389392767914,317.7188226664595,291.5443573050698,291.9192536509881,291.5487070961216,107.90710804236193,107.90710805098198,183767.69244567075
28.0,317.61333987774594,317.2384659589971,317.60891516926205,291.6370446447087,291.9217569866422,291.6388208862113,109.74096939912624,109.74096938710974,183387.31721093864
28.5,317.50213028889107,317.4991709068708,317.5023925367085,291.72867760356945,292.72314390291666,291.74039046506454,111.57100098128954,111.57100098193078,183004.36288027774
29.0,317.3943922045014,317.57844224596903,317.39577844463895,291.83188459778097,291.0368936755678,291.8232709131819,113.39717709479339,113.39717709814005,182618.85577175193
29.5,317.286500222084,317.67554822643973,317.2902749339771,291.91593980549067,291.74381780123457,291.91355176819604,115.21947235083223,115.21947234873647,182230.8224032725
30.0,317.1797945870364,317.87326356600573,317.1859440607613,292.0073405638306,291.4394386680218,292.00330900283274,117.03786190526488,117.03786189644502,181840.28936096572
30.5,317.07429225827076,317.7492248958261,317.0795459333239,292.0987052883784,292.1354662637093,292.09803992323236,118.85232112613,118.85232111688224,181447.28325170983
31.0,316.9668047203238,317.0027047447253,316.9662241625612,292.194806624609,291.90504858361936,292.1918950771241,120.66282536760698,120.6628253608608,181051.83077087652
31.5,316.8524714210824,316.61025425948503,316.85045879822485,292.29011780479965,291.8831291901987,292.2854127772641,122.46935043746824,122.46935040688231,180653.95875188112
32.0,316.7357498224943,316.5112014951485,316.7345489197733,292.3850378244601,292.7321694960106,292.38839752530845,124.27187221839743,124.27187223499011,180253.6940647699
32.5,316.6189861147122,316.2173832656287,316.61613569769315,292.48868876635555,292.0685930098252,292.48579376163224,126.07036738802259,126.0703673669925,179851.06366210614
33.0,316.4997439297787,317.49754583912284,316.51010991508986,292.587173067375,292.87487252520947,292.5895569435151,127.86481247721403,127.86481254203021,179446.09449927654
33.5,316.39289434972306,316.73098762518447,316.39641143216653,292.6917455094861,292.226962154358,292.6886132013093,129.6551842013691,129.65518420043517,179038.8136025927
34.0,316.27843377055035,316.0144340257194,316.2761758334628,292.7920425186278,292.8040717222863,292.7918595728731,131.44145980667454,131.4414597972043,178629.2481849321
34.5,316.15754947859546,316.13431689062554,316.1574887153332,292.89618598106586,292.333696911445,292.89277182209764,133.22361686974068,133.2236168392821,178217.42534346957
35.0,316.03823251458505,315.8810674029701,316.03732542047544,292.9979340453842,293.0927632865927,292.99860866508675,135.00163278361936,135.00163278461042,177803.3722742019
35.5,315.91752648722786,316.2316090013143,315.92039333540544,293.10465394836746,292.76419470716496,293.10194348962125,136.7754857913488,136.7754857843854,177387.11629428357
36.0,315.80005739299463,316.7774220416195,315.80558847896106,293.20878108270443,292.20133921628496,293.20200978983763,138.54515403184493,138.54515400524102,176968.68466578415
36.5,315.6847219501479,316.73553812853237,315.69017118313,293.30885566621197,292.2493084992032,293.30266117532267,140.3106159024746,140.31061591015145,176548.10475030792
37.0,315.5688252029497,316.3671085163048,315.57474724092384,293.4109853041532,293.50880036704325,293.4125482492238,142.07185030110483,142.0718503188012,176125.40394044184
37.5,315.4530302957436,315.9006248589244,315.4551820169279,293.52113294612303,293.51595327481914,293.5215904212928,143.82883613125844,143.82883614333133,175700.60964161597
38.0,315.3331621550594,315.1526891985047,315.33223423181795,293.6311225243473,294.10405313295723,293.6327938235848,145.58155300386758,145.58155299045396,175273.74933249425
38.5,315.20999660584874,315.8276777857663,315.2136901392443,293.74276409846493,294.0110380248093,293.74396288400504,147.3299801728296,147.3299801815693,174844.8504153984
39.0,315.09124770040705,315.39511562604605,315.0937395218838,293.85449095636005,294.8300228415523,293.86092553973845,149.0740978230766,149.07409780308447,174413.94045169227
39.5,314.9711906781868,315.52638771485937,314.9733417172815,293.97140180056846,293.7871392187922,293.97048266678826,150.81388605919435,150.81388609291002,173981.04690178976
40.0,314.85067986337145,315.43561429644615,314.85306053110224,294.08145530407,293.75279128725487,294.08042407431776,152.549325430916,152.54932547734202,173546.19727148637
40.5,314.73033223282175,314.63872742240966,314.72916100398857,294.19124282615275,294.4407572259543,294.19180617045413,154.28039587070563,154.2803958461392,173109.4191004698
41.0,314.6064497280339,314.8853298296515,314.6071180666668,294.3030471508543,293.9934266706568,294.30178002073393,156.00707946163533,156.0070794940604,172670.74014416538
41.5,314.4844435280453,314.6947030706927,314.48611478633813,294.41304713090676,294.52939889096433,294.41403714633384,157.72935722424685,157.72935724773967,172230.1876244609
42.0,314.36353127681133,314.2588083120081,314.36226410939395,294.5257815362922,293.9304904123671,294.52338733877235,159.44721022039465,159.44721023793056,171787.78920633346
42.5,314.23981571734015,314.5918564543022,314.2413488152669,294.635462628855,294.4731843950096,294.6351257500157,161.16062064034105,161.16062067664893,171343.57254987754
43.0,314.11907554706335,313.71920997776255,314.1175615597581,294.74733225554337,295.039593101328,294.7481190968369,162.8695704658419,162.8695704178955,170897.56510389372
43.5,313.9955412068121,313.89561783052113,313.99628516146356,294.86008252643194,295.7854473324286,294.86414735363,164.57404206283928,164.5740420079533,170449.79447415553
44.0,313.8745667846122,313.942576587651,313.87512239495885,294.975955921278,294.8140087236225,294.97568005148264,166.27401780133124,166.27401781208522,170000.2881477869
44.5,313.75371237002946,314.00243487806955,313.7554075974809,295.08688120427365,295.37497925192923,295.0887403077646,167.9694807556838,167.96948075284558,169549.07371910466
45.0,313.6343503625927,313.64863737224994,313.6337523322532,295.2001231097209,294.3331923793649,295.1967035778444,169.66041452712125,169.66041452798734,169096.17869252514
45.5,313.51306475125017,314.0336948384026,313.5164824448541,295.3076971902061,295.91798114639715,295.3115226153246,171.34680230444036,171.34680231523373,168641.63041829702
46.0,313.3962286479151,313.6631936868337,313.3971423340743,295.4223291308701,295.0662781863035,295.42180458597284,173.02862759602655,173.02862758341564,168185.45643664873
46.5,313.277344218744,312.77551605200466,313.27594222255556,295.53275894604377,295.82873711449025,295.53352322094366,174.7058743224375,174.70587433337857,167727.68425995822
47.0,313.15667126704693,314.1697024414207,313.160848443901,295.6441278299252,295.9928073713366,295.6467833614651,176.3785271435636,176.3785271174976,167268.341303367
47.5,313.04210747946223,313.46670610939276,313.04396251316996,295.75707268328836,295.51473228166435,295.75715783254515,178.0465705316132,178.04657049777308,166807.4548741813
48.0,312.92578398447307,313.40917358079616,312.927966781915,295.8676522234956,295.77122920526097,295.86830618652687,179.70998951808988,179.70998947959427,166345.05231721344
48.5,312.8103914963243,312.93614086667526,312.8109398534973,295.97817082680484,296.05229224728333,295.9787732940833,181.368768779321,181.36876877643002,165881.16089266262
49.0,312.69401267297656,313.5238215282077,312.6966486672855,296.0878895161332,296.1944890547339,296.0895890115597,183.0228941975656,183.02289417617132,165415.80797861793
49.5,312.5803893469037,313.0272310206427,312.58135050879315,296.19833052969267,295.7976925657605,296.1971001804084,184.67235092994997,184.67235088724047,164949.02068607186
50.0,312.4657788932252,313.17330850032846,312.4684840437651,296.30520384931276,296.0421115443437,296.30580363264386,186.3171251229008,186.31712510992614,164480.8263201659
50.5,312.3536291220672,311.19785905152884,312.34885227059004,296.41366612929653,296.16766353922384,296.4106664804538,187.95720276804747,187.9572027481946,164011.25193439348
51.0,312.234781715406,312.5082764615713,312.2344836602317,296.5179833090069,295.6508300122131,296.51525026170975,189.59257043774872,189.5925703332433,163540.32469271755
51.5,312.1211854527629,312.5540680278073,312.12264218863754,296.6221337909819,296.2609097094381,296.62186249845865,191.22321488007972,191.22321484723267,163068.07160389278
52.0,312.0101510281036,311.9514597154054,312.00719818794295,296.7277006619426,295.6805244386101,296.7227361064119,192.84912389254237,192.8491237702844,162594.51956702129
52.5,311.895532717672,312.1802138635653,311.8964793107336,296.8282577493219,296.93048960115993,296.82865293327717,194.47028373344955,194.47028374767606,162119.69535348832
53.0,311.785681372894,312.44146572277646,311.7869460824996,296.9340314686668,296.72736498449166,296.9339796284044,196.0866821111563,196.08668210464413,161643.62599478156
53.5,311.6770369226448,311.50587304398084,311.67721276411356,297.0379705837297,297.68461096073673,297.0398180455819,197.6983070461064,197.69830706967147,161166.33834013168
54.0,311.56823764203966,311.38979692951284,311.56644247235045,297.1433113933841,296.3993581782711,297.14042257750737,199.305146485546,199.30514646399646,160687.8589839258
54.5,311.4583977576634,311.40597575836944,311.45733733904433,297.24342535474625,297.11975534490773,297.24248252666644,200.9071891409649,200.90718914062333,160208.21465008278
55.0,311.3502582985391,311.12392276003317,311.35001399360027,297.3444168768364,297.27722923028415,297.3442739119865,202.50442356904023,202.50442357323493,159727.43176174455
55.5,311.24391706321734,311.6030207604352,311.2457366136682,297.44501071989345,297.85892866114955,297.44679931817734,204.0968379903712,204.09683796338675,159245.53685931241
56.0,311.1406349259196,311.39402696812846,311.1412873688741,297.54662639426994,297.5449676234049,297.54707020607896,205.68442184391262,205.68442182795295,158762.55657033485
56.5,311.037195719722,311.6225754862312,311.03794436301075,297.6462581636848,296.9715638490082,297.64535676755577,207.267164999206,207.2671649832535,158278.51712585505
57.0,310.9348664655903,311.55524517703566,310.9359903064885,297.7447033001892,297.2581465205469,297.7449018251207,208.84505614239308,208.84505614824556,157793.44466157703
57.5,310.83395991147506,311.8216497386482,310.83663886707956,297.84278203854467,297.923397548664,297.8446132982143,210.41808642227087,210.41808641747858,157307.36564639353
58.0,310.7356652948489,310.7186684999814,310.73433988313286,297.9415328339517,297.41548723073925,297.9397732873378,211.98624530441148,211.9862453590732,156820.30581245536
58.5,310.6344405621647,310.97793805656823,310.63569067856304,298.0356075607774,297.82222196680567,298.0362870012655,213.54952334878257,213.54952333338903,156332.29135337408
59.0,310.5368751317985,311.3634237528923,310.5386991504904,298.1314106739869,297.6372211628336,298.1318847294467,215.10791141332356,215.10791139953565,155843.34820870226
59.5,310.4409732393428,310.68418493854597,310.4400368577273,298.2264017543171,297.45670616439935,298.22490019458326,216.66140011373244,216.66140016980341,155353.50208671117
60.0,310.3434237128065,308.88913790393406,310.33999789819353,298.3182377001415,298.9270390485315,298.3166312744317,218.2099812993387,218.20998137258366,154862.7788212498
60.5,310.24453125355706,310.9856501206609,310.2475495715812,298.40889962757416,298.83413503715025,298.4115997619606,219.7536457702884,219.7536456651528,154371.20387742997
61.0,310.1532142012661,310.74299640217936,310.1548912696642,298.5028442041784,298.2551979453377,298.5038131302189,221.2923855445528,221.2923855031921,153878.80304192196
61.5,310.0616908116196,310.3529135725128,310.0642959421625,298.5948322029479,299.1002999857364,298.5972444949741,222.8261923421445,222.82619217830347,153385.6015088341
62.0,309.97225225740135,310.73820893738906,309.9742939400705,298.6867455076644,298.5202434496194,298.68801234818943,224.35505929856276,224.3550592616113,152891.62482182856
62.5,309.8834015070144,309.6352008058852,309.882945698444,298.77661699895475,298.7251197974743,298.77625819110006,225.878978235224,225.87897824336443,152396.8977656983
63.0,309.79322162286604,310.2120317904277,309.793622464537,298.8636531438108,298.26768554869506,298.86341886762256,227.3979417420435,227.39794179066155,151901.44576953037
63.5,309.70506146018556,310.37780799557703,309.7076237189669,298.94997798867155,299.52194656409665,298.95232583115325,228.91194255891878,228.9119424960948,151405.2938556193
64.0,309.6202371980988,310.0176253672715,309.6212541332799,299.0378969970507,299.1292704807529,299.0388518710456,230.42097481926993,230.4209748115909,150908.4670417228
64.5,309.5350480467367,308.60342213543,309.5334412572879,299.12341498583964,299.7223641325173,299.12272077809394,231.92503113392115,231.92503102458298,150410.98970227898
65.0,309.44843020949384,309.39675762898895,309.44844440583654,299.2059844493476,299.3618753094856,299.206169565039,233.42410612372717,233.42410609048162,149912.8868896648
65.5,309.36461899909636,309.773405735673,309.3658388143211,299.28886434004886,299.2786066231765,299.2899136737117,234.91819313099552,234.9181931024324,149414.18273888162
66.0,309.2832021936402,309.8673474037847,309.28411848158817,299.3713496989566,298.87932103783146,299.3717298089754,236.40728691604437,236.40728694442743,148914.9019645009
66.5,309.2026647216395,309.9314076535885,309.2043717631388,299.45179727759415,299.4648743580665,299.4531254084855,237.89138163613833,237.89138160006095,148415.0686453448
67.0,309.12409917547075,309.692964047039,309.1244991480191,299.53212953684385,298.7812356099713,299.5319996294235,239.3704724581014,239.37047249721454,147914.70712020097
67.5,309.04540537662274,309.43975685756357,309.0464398597462,299.6105346332231,299.69998073359943,299.61141641281165,240.84455405929538,240.8445540399675,147413.84119850866
68.0,308.96853544473754,309.03575844243477,308.9683754645719,299.6883954738969,299.27388580986144,299.6880268346307,242.31362108574606,242.31362112449864,146912.4949906478
68.5,308.8916520061941,309.64472689886276,308.89148871524657,299.7645552235837,298.94468526025213,299.7639022555417,243.77766983271238,243.7776699221291,146410.6923963166
69.0,308.81594791300137,308.79081384876224,308.81556093537756,299.83910101572855,299.7852545340965,299.8387447194404,245.23669473902123,245.23669474460985,145908.45683145578
69.5,308.74120298418364,308.6909679691978,308.7410839938382,299.91256149871447,299.76329432052285,299.91239701897325,246.6906927168234,246.6906927339551,145405.8123009085
70.0,308.66790053426274,309.4365020940012,308.66901790965727,299.98549862627715,299.63909509047227,299.9862550325111,248.1396603428215,248.139660343323,144902.78178582515
70.5,308.59700530381144,308.7499562025134,308.59636562258873,300.0584253066539,299.51001980878993,300.05753319555754,249.58359302498238,249.58359311518655,144399.38844801782
71.0,308.5255222843945,308.90217385243477,308.52628737609336,300.1286893897995,300.0962636716924,300.1292863855102,251.0224874253972,251.02248742513683,143895.65571233782
71.5,308.456609858028,307.9916553819183,308.45522860631854,300.1994107339868,299.74550588369146,300.1980873745767,252.4563400646188,252.4563401261538,143391.6066609348
72.0,308.3867145092683,309.1638752947376,308.3879472082636,300.266807023715,299.86100563011325,300.2676989181884,253.88514919764762,253.88514920606957,142887.26415243847
72.5,308.3205809715413,308.1074248743794,308.3210564846075,300.33587213268675,300.5602236087487,300.33644235202587,255.30891122333452,255.30891119947393,142382.65058569892
73.0,308.25484361329364,308.2494576901032,308.25670950010846,300.40331875105096,301.2091143060893,300.4052519786293,256.7276237795711,256.7276237356446,141877.78881112215
73.5,308.1916394842038,307.9541359798999,308.1899061605602,300.4712892641161,299.80940977365947,300.4695539614637,258.14128479645285,258.14128482000336,141372.70123196018
74.0,308.12597336447607,307.77113230388227,308.12587811104953,300.53472592454034,300.54991065522813,300.534679448539,259.5498922950647,259.5498922854967,140867.4100537386
74.5,308.0630776570038,308.02428789799694,308.0620123186386,300.59895834895366,299.8997336035015,300.597768272391,260.9534439690059,260.9534440340929,140361.93747874384
75.0,308.0003355948026,308.82104966294986,308.0022518132034,300.66067073757307,300.8323323698459,300.66232702279416,262.35193909069955,262.3519391592301,139856.30561996342
75.5,307.9416839238145,307.5579698101712,307.94015822021754,300.7240973663622,300.1317870645677,300.72264988283086,263.7453749975209,263.7453750210044,139350.53609377277
76.0,307.8806932837728,307.72034779157985,307.87919015062573,300.7839439776901,300.032298249929,300.7824422339417,265.1337523566535,265.1337523971155,138844.6510754144
76.5,307.8208250660908,308.3337489302653,307.8206384880102,300.84259925659643,300.24409973357757,300.8422355498488,266.5170681278998,266.5170681866796,138338.67143020092
77.0,307.76335959913814,307.4066419904935,307.7631134698279,300.9013411466775,301.33599937904324,300.9012511161638,267.895322831732,267.89532280377324,137832.6193639204
77.5,307.7069147140279,307.643958323179,307.70658327382966,300.959302493291,300.80968195656584,300.9589584545643,269.2685165233081,269.26851652765856,137326.5157295537
78.0,307.6514514132849,308.3037099760306,307.65109060696955,301.01603716314503,299.84362993025394,301.01540484077367,270.63664722975335,270.6366473097886,136820.38135073113
78.5,307.5970119052648,308.23655531973907,307.5973814514297,301.0713636981968,300.5194112516953,301.0715312690987,271.99971653597936,271.9997165600178,136314.23783547964
79.0,307.5443442671481,307.40253969062616,307.545300390113,301.12703294834324,301.84603474081104,301.1280301367955,273.3577234350917,273.357723399498,135808.10543963313
79.5,307.49330415648257,307.5925784190264,307.4932445678162,301.18261789022233,301.0024839761001,301.18254962437754,274.71066861677906,274.71066862147984,135302.00518897187
80.0,307.44227809216113,307.81274441785274,307.4434845437836,301.23605648245723,301.1782074581609,301.237089612676,276.05855272683056,276.05855274489477,134795.95741062172
80.5,307.3935324093752,307.35067368586687,307.39505218528757,301.28943762865134,302.0525810579906,301.2908550131371,277.40137663063774,277.40137660486675,134289.98245370752
81.0,307.3461008360698,307.21685754296584,307.3461459384159,301.34251207418725,301.6838939311069,301.342619445721,278.7391406147708,278.739140587673,133784.10046837566
81.5,307.298189333376,307.6964043078891,307.2982361678987,301.3934448441495,300.9563331931376,301.39340013434315,280.07184503715246,280.0718450586523,133278.3316934554
82.0,307.2512615374782,307.5348800028436,307.2517660307137,301.4427276933699,301.4339775051994,301.44314797973254,281.39949437303454,281.39949435328066,132772.6962968558
82.5,307.20575320730603,307.377848561395,307.20493460002274,301.4919801398049,300.83660844886407,301.49118863989554,282.7220870200114,282.722087060027,132267.2128535308
83.0,307.15987877659734,307.6481156768095,307.1610326970701,301.5394495844333,301.7679858180487,301.54046211900913,284.0396262091151,284.03962616354465,131761.90203820847
83.5,307.11692374449285,307.90741222874794,307.1182435499432,301.587384573769,301.6166264533906,301.5885116899337,285.3521135088762,285.3521134651089,131256.78276808234
84.0,307.0750618019995,306.05849949111945,307.07318964437275,301.6350328614193,301.80626151962,301.6334520403577,286.65955110409175,286.65955116213826,130751.87432398685
84.5,307.03093629308603,306.795967843114,307.031193064422,301.67886202755676,302.1067260122236,301.6791403841043,287.9619403985742,287.9619403585904,130247.1957475468
85.0,306.9898479763991,306.3793389840006,306.98821950074506,301.7234148143682,301.4441063445467,301.7219853665823,289.25928488638203,289.259284931856,129742.76641659866
85.5,306.94776843046174,307.2290227666241,306.9485751351655,301.76589478753425,302.10513233745803,301.76659999937453,290.55158720077935,290.5515871559083,129238.60454716999
86.0,306.90900786586417,306.4817223946861,306.90888801018986,301.80946087894444,302.17431438978156,301.80939516749805,291.838850146853,291.83885013207714,128734.72888500038
86.5,306.8701907895302,307.029460468848,306.87000806725376,301.8516331738674,301.82375881378846,301.85145899442034,293.12107708828836,293.1210770954031,128231.15776358567
87.0,306.83217022748323,306.46485006703114,306.831775776189,301.8929630645471,301.7961899561819,301.89263085859636,294.39826941898065,294.39826942289625,127727.90937167498
87.5,306.79478627609444,305.91959346498015,306.79408388370325,301.93369921483946,302.0700213584291,301.93311127650617,295.670432482081,295.670432477243,127225.0025381122
88.0,306.75793587576555,307.7058080289371,306.75880473122254,301.9730132642355,301.38819730803317,301.97371956112784,296.93756996507386,296.93757001727863,126722.45443163565
88.5,306.7234754387996,305.7276238400836,306.7227077622278,302.01288667408267,302.6548159869718,302.0122812843779,298.1996853516098,298.1996852926487,126220.28275438891
89.0,306.6881896632774,307.8471721974246,306.69025703181126,302.0507331493769,301.8208478256067,302.05252074435225,299.4567820035148,299.45678214952125,125718.50531641765
89.5,306.6565312382699,306.16278670065134,306.65525831644965,302.09018992687567,301.71564595350435,302.08904535111196,300.7088634353928,300.7088634216406,125217.13959737486
90.0,306.6223175666157,306.38221988382634,306.62165698193525,302.12600107836977,301.86411232685157,302.12540840431984,301.95593516726063,301.95593515335855,124716.2033876684
90.5,306.58948782045206,306.29766703578883,306.58785698901886,302.1617279777148,301.59758469103707,302.16022770271314,303.19800077703957,303.19800074413234,124215.71309749439
91.0,306.55644885735074,307.5242147311664,306.55843083049064,302.19603724922655,302.4898160684205,302.1978289206355,304.4350672399836,304.43506730947223,123715.68609796723
91.5,306.52776910940815,305.75423109185857,306.5261417810812,302.2328665265519,302.0231288727806,302.23140731089217,305.66713579106954,305.66713577583647,123216.13816519122
92.0,306.4962181075746,306.25528799978747,306.49637317230207,302.2656408289936,302.6607084652274,302.2658105062141,306.89421355394353,306.8942135546976,122717.08747571445
92.5,306.4671706979012,306.16932314219105,306.46667887560886,302.2993439926686,302.3209720285888,302.2988936680953,308.11630518586094,308.1163051900707,122218.54948785195
93.0,306.4381850323751,306.65877748536803,306.4385071645674,302.33161698435083,302.35425514219133,302.33190792141636,309.3334152225143,309.33341522979504,121720.54071900241
93.5,306.4107060318386,306.7424074771934,306.41205051358406,302.3639056770973,302.9589073245559,302.36516192546674,310.5455508191007,310.5455509066243,121223.07758815598
94.0,306.38492763699594,306.5601025418504,306.3860308502368,302.3968815004884,302.88620722787425,302.39791971759877,311.75271731908686,311.75271741114005,120726.17531538803
94.5,306.3595799118045,306.9595530191086,306.3610510909434,302.4287999174002,302.680002720234,302.4301681408071,312.95491841896853,312.95491850637876,120229.84985227078
95.0,306.3352559189923,305.6870885007278,306.3340523618822,302.4604908169699,302.1815934773356,302.4593829733899,314.15216048437804,314.1521603260645,119734.1176406949
95.5,306.30890485964954,306.21673655650807,306.3081945216197,302.4891562363145,302.255652833785,302.48849218775734,315.34445196471813,315.3444518769004,119238.99404862674
96.0,306.28368271039403,306.1050322792464,306.28384929415904,302.51782396525823,302.986427115645,302.51799734060023,316.5317970792021,316.53179711629326,118744.49314753845
96.5,306.2599629855472,306.88166059629253,306.26190149490304,302.5463129619842,303.102720959432,302.5481114326955,317.7142029902783,317.7142032231869,118250.63099553544
97.0,306.2386195880901,305.388675352297,306.2373754250122,302.5764396608944,302.9137361247001,302.5753175538139,318.89167827035106,318.89167818263587,117757.4222128089
97.5,306.2146997217193,305.90910741930617,306.21388926517614,302.6027864291715,302.39519622066393,302.60203494004503,320.06422532568365,320.0642252521472,117264.88097466737
98.0,306.19180228307573,306.6074255813121,306.19230767131444,302.6290557883219,302.5161899934522,302.6295092645187,321.2318533326996,321.2318533702976,116773.02333165651
98.5,306.17079774025905,306.15482544583597,306.1702522787226,302.6557654933688,302.54162125687566,302.65524190189404,322.39456871069734,322.39456865644644,116281.8628531119
99.0,306.1493055517242,306.35577662984133,306.1506783556865,302.6809609303136,303.3597662912274,302.6823012062967,323.55237768667763,323.5523778355612,115791.41418476714
99.5,306.13028255770547,306.2465169626027,306.13010759803234,302.7077935337391,302.27344529172194,302.7076080791109,324.70529018188756,324.7052901561651,115301.69161492087
100.0,306.1102566987793,306.6657173134033,306.10950731022945,302.73280033580954,301.61765339423465,302.73201920771436,325.85331147789753,325.85331135736595,114812.7082566836
100.5,306.0901933118303,306.35848335465715,306.0893310679744,302.7564901588328,302.0521102325552,302.75560713779777,326.99644973847336,326.9964495892944,114324.47860298298
101.0,306.0705395592351,305.77647478653165,306.07043231637846,302.7793132344505,303.11792213266546,302.77922571528086,328.1347114339104,328.1347114184355,113837.01601906838
101.5,306.05214864567927,305.8690249184213,306.05191104740885,302.802730911872,302.7674297509117,302.80250366227415,329.2681075010036,329.2681074542645,113350.33443932627
102.0,306.03412902212074,305.9939710766432,306.0339149244811,302.8253093890826,302.79669290427927,302.82510230145215,330.39664373166573,330.3966437003418,112864.44596131679
102.5,306.01662016415,305.26910526792807,306.0159701181684,302.8474120076038,303.13169224657156,302.8467960617683,331.5203293531064,331.52032923514474,112379.3645457403
103.0,305.9991521225537,306.3118430395831,305.9991675255437,302.8687813749699,302.87157776572747,302.8687882738013,332.6391698806033,332.63916988377935,111895.10272839593
103.5,305.98281747347187,306.53968834141455,305.9833157380376,302.8903551885124,302.7448856808953,302.89082714747764,333.75317680154586,333.75317687273906,111411.67434113688
104.0,305.96742362917473,306.1255180664601,305.9672644372864,302.91180620881835,302.56734314362666,302.9116398803161,334.8623568555436,334.86235684462844,110929.09077640291
104.5,305.9518180409615,306.4595008915704,305.95284434075523,302.9322823424854,302.8414848361391,302.93324755608757,335.9667189146224,335.96671899185424,110447.36529976726
105.0,305.9378344252482,305.66574999511926,305.93794944387884,302.9536741452919,303.13205268249277,302.95379967679304,337.0662722172807,337.06627222012963,109966.50996573853
105.5,305.9233709177057,305.3073062142915,305.92301455201044,302.97355999623,303.14987815608816,302.9732344498115,338.16102410728666,338.1610240465559,109486.53684379948
106.0,305.9088538047205,305.11925075213446,305.9078593003532,302.99279622064773,303.1891993302359,302.9918539184584,339.2509841556238,339.25098396886557,109007.45850323646
106.5,305.89411070131354,306.5414265272686,305.89403287902906,303.011032225606,302.49488441336945,303.01093033927606,340.33616156636117,340.33616160959747,108529.28654119145
107.0,305.88068596214674,305.4051738070445,305.8790021402135,303.0299101571079,302.2620699726717,303.0282542706346,341.41656549491586,341.41656531919244,108052.03238946298
107.5,305.8660517986156,305.79431462038673,305.8650967726121,303.04644934601805,302.41566441522383,303.04548660718814,342.49220583714566,342.49220576809347,107575.70793090336
108.0,305.8525263330771,306.12243570824234,305.85164628636926,303.0635118583193,302.1624577080343,303.06259639037484,343.5630909550252,343.56309080521817,107100.32391724341
108.5,305.8394498419488,306.26892273793646,305.8402362709994,303.0802307838894,302.72629594476547,303.0809876222459,344.6292313483966,344.62923146057614,106625.89223766074
109.0,305.8284046696512,305.61821905845346,305.8279229699964,303.0982975633122,303.20597515876744,303.09782082023025,345.6906375888838,345.69063753822667,106152.42326538856
109.5,305.8164487180745,306.2774654422661,305.81667092685507,303.11490461682604,302.78935248614687,303.11510000647655,346.74731666100973,346.747316733893,105679.92780538437
110.0,305.8055470891875,306.33332822793136,305.805989937653,303.13209742227195,302.7888834907928,303.1324933215636,347.7992815566634,347.79928167843894,105208.41749553314
110.5,305.7952122132339,304.99509992605056,305.7940840294354,303.14857264216755,303.0711651099057,303.1474877719306,348.8465387106202,348.8465384226101,104737.90166413685
111.0,305.78363551799686,305.7353110679658,305.78429370238825,303.1635022962519,303.67868563741905,303.16417836682604,349.8890997720576,349.88909989399974,104268.39247302
111.5,305.7741704982826,306.3573726770841,305.77458628296836,303.17960727184413,302.873464063259,303.1799914977872,350.9269764081566,350.92697655446614,103799.89889828317
112.0,305.764774903514,305.7096977658847,305.76466363560576,303.1953611047237,302.9704652228093,303.19524793724526,351.9601791338828,351.96017910963764,103332.43090772374
112.5,305.75516132084886,305.6652865966649,305.75585507597157,303.21049796627506,303.9762108814256,303.2112210139921,352.9887157247002,352.98871586280353,102865.99824959194
113.0,305.746658006191,305.57640866566845,305.74579449397424,303.22608780362026,302.68247819116755,303.2252261492088,354.0125970415957,354.01259681908914,102400.6116504839
113.5,305.7368931324282,305.8342314195524,305.73686635808,303.23982357791556,303.2852986813118,303.239796098712,355.03183433251303,355.03183432555437,101936.28096479338
114.0,305.7282536720626,305.90983543132853,305.7274372294052,303.25410133710744,302.5741975787316,303.25327404361474,356.0464397883391,356.04643962895324,101473.01487516044
114.5,305.71910566545074,305.79274052894334,305.7196942113894,303.26707389088614,303.5071168712858,303.2676682895742,357.0564204915829,357.056420626158,101010.82245087756
115.0,305.711632917157,305.93028208262774,305.7121203816949,303.2814920400499,303.4967322270877,303.2819752510994,358.0617894370569,358.0617895435352,100549.71418220202
115.5,305.70432756169265,306.00946467250543,305.70547708148155,303.29573076770293,304.1503692946486,303.2968696654274,359.0625585100628,359.0625586805773,100089.69848008678
116.0,305.69794933011207,305.5848648322369,305.69707210148476,303.31021341796935,302.90667698628783,303.30933419221043,360.058737689086,360.0587376018499,99630.78360882054
116.5,305.68980009233184,306.2140778931749,305.69032989835137,303.3227817180876,303.14437831712445,303.32330136358803,361.05033753989244,361.0503376232609,99172.97897809597
117.0,305.68331336148316,305.5893978114512,305.6831393064367,303.33600333395424,303.28211378172796,303.3358348195558,362.03736991815543,362.0373698912323,98716.29308873838
117.5,305.6763629950126,305.0757015831997,305.6754255634899,303.34859497916545,303.40062144748447,303.34769391622604,363.0198462199904,363.0198461081375,98260.73441199606
118.0,305.6688892099856,305.261956079222,305.6687698329704,303.36017752441,303.8782020997041,303.3600753101365,363.99777675178916,363.99777673086646,97806.31105499808
118.5,305.66246613501124,305.9342527823921,305.6630792644812,303.3722482168772,303.58030394783987,303.37284258595736,364.9711741459053,364.9711741864573,97353.03159440627
119.0,305.6570000317089,306.4472758972588,305.65878693295065,303.3848748597465,304.0242906891592,303.3865999888709,365.94005134638826,365.94005146293574,96900.90358783338
119.5,305.6529270083018,305.4035880788495,305.6517825051075,303.398437644301,302.57789276164334,303.39732543897304,366.9044165144845,366.90441653352275,96449.93422135817
120.0,305.64613827809865,305.17281902342677,305.645938657139,303.40872388849783,303.67446070402235,303.4085436177554,367.86428374248464,367.8642837177403,96000.13291074507
120.5,305.6405000566749,305.86468586483176,305.64160546213844,303.4201230153448,304.19070611676796,303.42117855646165,368.8196640468964,368.81966400408595,95551.5060106426
121.0,305.6363728925879,305.1158518452873,305.63726770656166,303.4323770386059,304.73590971515387,303.43324195401823,369.77056972712927,369.7705696422383,95104.0613215477
121.5,305.63223279937495,305.5418256104014,305.6322346713914,303.4441318536147,303.6145504933033,303.4441359468404,370.71701164127177,370.71701163790107,94657.80594900322
122.0,305.62739068608875,305.8905647068275,305.6276335323891,303.45513165348456,303.5715596199891,303.45535760528526,371.65900017906984,371.65900017191893,94212.74747734176
122.5,305.622980523145,306.42824981280455,305.62487601525356,303.4658400747191,304.3644875190617,303.46762662829536,372.5965510982415,372.5965509694951,93768.8937784126
123.0,305.62040111690953,305.21786813076886,305.6205170312758,303.47822101604595,303.8952882061065,303.4783439050275,373.5296745010518,373.52967448077914,93326.2500058684
123.5,305.616223055463,305.09683127801685,305.61582051117296,303.4885739152294,303.6003089260051,303.4882044495371,374.458384767465,374.4583847388296,92884.82369306336
124.0,305.6116996131977,305.4281206030054,305.61105659984787,303.4981725079961,303.07353264710764,303.497553671723,375.38269192972206,375.38269192443397,92444.62057551001
124.5,305.6071022646343,305.584871011772,305.60732847503255,303.5075038267967,303.87180827813506,303.50772517015923,376.30260821043225,376.302608224304,92005.64810933905
125.0,305.6035384507539,305.8849651027958,305.6043611129959,303.5174943592827,303.8611624303259,303.51826314218124,377.21814519463476,377.21814522664835,91567.91269936225
125.5,305.60072969834437,306.55330784257285,305.60282186477,303.52798204013385,304.7136772509134,303.529949176685,378.1293157134407,378.12931577590126,91131.42093321845
126.0,305.5993454539226,305.5109842127394,305.5994618801562,303.5394160120123,304.2227160679306,303.539539881627,379.0361356883885,379.0361356898533,90696.17869783392
126.5,305.5961369221634,305.68088452232905,305.5963349253177,303.5490092581275,303.4014261310411,303.5491889886882,379.9386145877213,379.9386145862434,90262.19035166582
127.0,305.5931597214811,305.9795021232251,305.5941494259387,303.5585679159978,304.2808288355218,303.5595137747805,380.836765274044,380.8367651748633,89829.4631145183
127.5,305.59112050866815,305.5036912483745,305.59061383310905,303.56875906962364,303.26614355513254,303.5682704038776,381.7306001607239,381.73060023760803,89398.00262808632
128.0,305.58772860026716,306.2505932186529,305.58771587191916,303.5769901515341,303.0148427062946,303.5769382281396,382.6201320958214,382.6201320900836,88967.81439735652
128.5,305.5849619572502,306.4294292693498,305.58678813848564,303.5857433880373,304.3492364934117,303.5874905355136,383.50537406187755,383.5053738555006,88538.90405067471
129.0,305.58416535546627,306.62970933321685,305.5853748635089,303.59658455639,303.87151075901073,303.5977199392303,384.3863383101886,384.3863383767268,88111.27672642584
129.5,305.58288777930784,305.7834542117887,305.58409828891644,303.60624938223816,304.6797468755303,303.607420352949,385.26303835055774,385.2630384023151,87684.93759699304
130.0,305.581735527253,306.38510286245946,305.58200283895496,303.6155481586177,302.93205770164906,303.6157590125215,386.1354870360017,386.13548705232694,87259.89178027617
130.5,305.57975529878985,305.6118946342583,305.5799243098982,303.62405997110136,303.751430851102,303.62421868356927,387.0036999208116,387.0036999248816,86836.14411419794
131.0,305.5777953299444,305.5869632655996,305.5771608555046,303.6323135077228,302.9586765749426,303.63168558935564,387.86768720539345,387.8676872444353,86413.69812973742
131.5,305.57514579161494,304.67776498284155,305.57409881622266,303.63974785491047,303.51399586804433,303.63877779223606,388.72746032759306,388.7274603746334,85992.55987138243
132.0,305.57219748060373,306.0528569007466,305.5733812066908,303.6464155416195,304.1987001342017,303.64753293550234,389.5830359936479,389.5830358959567,85572.73473788006
132.5,305.5715816015969,305.2482317454133,305.5708650477099,303.65516283272797,303.4072520107793,303.65447119109695,390.4344272317111,390.43442729105914,85154.22548144868
133.0,305.56916802653075,306.9467904220004,305.5704846439385,303.66252805028586,303.59143700997873,303.6637705706419,391.2816444990497,391.2816443469832,84737.03626384494
133.5,305.5688958187577,306.2520544612869,305.56983095887716,303.6713028664303,303.9678028553868,303.6722122531879,392.1247039247672,392.1247038475924,84321.17296386164
134.0,305.5683400859417,305.27519091682274,305.56776978186565,303.6798002057238,303.404352835022,303.67923196651003,392.96361364385746,392.96361372608504,83906.63793145919
134.5,305.5663777353508,305.39062310664474,305.5660488700651,303.6866966229147,303.45765598477624,303.6863636367098,393.79839391733844,393.79839398425344,83493.4377710591
135.0,305.5647523044748,305.81265120209076,305.56508286554026,303.693266003934,303.7105849217328,303.6935897687768,394.62905456229583,394.62905449130665,83081.5730492855
135.5,305.56386987369086,305.6797828865777,305.5640721730787,303.7008710993227,303.7758975113186,303.70106832557804,395.45560807574014,395.45560802594315,82671.04922651748
136.0,305.5629496928289,306.14395885936995,305.56431351197494,303.7080738790315,304.4591210288628,303.70947274187404,396.2780703738357,396.2780699946442,82261.87023782094
136.5,305.56327616166215,306.27215971042483,305.5645131458659,303.7164783386198,303.86888810394197,303.71770479616646,397.09645105901586,397.0964507894215,81854.03862119497
137.0,305.56355937953157,305.5847701826181,305.56401901566426,303.72474049077516,304.1992494687577,303.72521753719747,397.91076801299374,397.9107678784035,81447.55930627952
137.5,305.5631493559642,306.06136780159414,305.5641659401445,303.73221343935415,304.23026892625046,303.7332408608969,398.72103547619207,398.7210350976615,81042.43361536872
138.0,305.5633788087193,305.43149505992756,305.56425371782257,303.74006964860945,304.55561726070016,303.74099362189037,399.5272617970292,399.5272613237754,80638.66457555797
138.5,305.5635458978952,306.1706230445326,305.56481088763775,303.7476178343197,304.38571522100983,303.7489063551436,400.32946388799684,400.32946334040304,80236.25759718374
139.0,305.5641771690025,305.4896977053717,305.5639182685759,303.7555499002056,303.5889422545965,303.75528347486664,401.127655944586,401.12765605625395,79835.21405675159
139.5,305.5633578825152,304.8966077831945,305.5625766041468,303.7618294818733,303.8454744870033,303.7610580290118,401.921849207316,401.92184949368544,79435.53616778181
140.0,305.5620874059787,305.7426577356934,305.5608764353549,303.7678991209875,302.3832164010704,303.7666091308954,402.7120598174315,402.7120603422786,79037.22850041857
140.5,305.5604620669188,305.5873194120163,305.55999451937663,303.77330512162393,303.25393719374006,303.7728093541372,403.4983009866227,403.498301176057,78640.29219321
141.0,305.55965249618697,305.75400964220387,305.5597044925862,303.77905840545725,303.3567276394849,303.77909891917847,404.28058519232616,404.28058518695894,78244.73035641169
141.5,305.55942556513946,306.59741001608614,305.56119150083407,303.78552173048666,304.3418910443143,303.78731218675983,405.05892583112995,405.0589251647441,77850.54570174855
142.0,305.5609795041301,306.0882437529047,305.56200469679,303.79341338059163,304.0207411045835,303.79445165094353,405.83333913627166,405.83333877620476,77457.74105571613
142.5,305.5618523847996,306.1901610076042,305.56226381937523,303.80032106069007,303.62325094070343,303.8007171681434,406.60383657141307,406.6038364900917,77066.31669125798
143.0,305.56216552376037,305.4392926872398,305.5608149197287,303.80683645014096,302.96592365858027,303.80542123745647,407.37043243400564,407.3704328567481,76676.27642675956
143.5,305.5607744312321,305.0549613294666,305.5601779788237,303.8115524378761,303.96306945956155,303.81096203714316,408.13314476458,408.1331448222006,76287.62193137738
144.0,305.56019661437307,305.3270964847379,305.5603489988304,303.8169287535789,304.13668332161524,303.81710593893416,408.8919807231085,408.89198064441285,75900.35356654966
144.5,305.5604233791673,305.2131733263366,305.5616462880139,303.82311788846926,305.06744906871785,303.82440423412595,409.6469581883118,409.64695799680226,75514.47601790265
145.0,305.56177777759183,304.79702350600235,305.56098095390485,303.83034574672837,303.68344568373044,303.8295568383575,410.3980880993558,410.3980880858421,75129.98910230224
145.5,305.5611665822823,305.2798623499417,305.5614579909202,303.8353436125169,304.482030172903,303.83566100502213,411.1453896084424,411.1453895104181,74746.8958391579
146.0,305.56169460293285,306.5573627410134,305.56314905669313,303.8414022808067,304.16796154815717,303.8428873917672,411.8888729382533,411.88887295378794,74365.1953911209
146.5,305.5634355104875,305.23947825763344,305.56354411130553,303.8482174191933,304.27195443362274,303.8483553340418,412.6285536314899,412.62855358253887,73984.89087304976
147.0,305.56387160380405,305.8462583587119,305.56364611329275,303.85423906731666,303.569900806743,303.8539932234107,413.36444390890824,413.3644439460667,73605.98302593648
147.5,305.5640249131967,305.2468865818733,305.5642517475754,303.85984758844955,304.21443540220247,303.86010325885206,414.09655788380996,414.0965578485713,73228.47384597234
148.0,305.56468193212584,305.1633257689647,305.5634779452931,303.8657575997488,303.0558149666762,303.86449689649095,414.82491112574485,414.8249109877901,72852.3646041247
148.5,305.5639532478891,306.0482343302704,305.56572704051223,303.8700031090624,304.94062880528344,303.8718774623776,415.54951779878536,415.5495180314556,72477.65551320638
149.0,305.5662474074354,304.6208261550577,305.56467982833425,303.8774168780255,303.3972135163072,303.8758031982411,416.2703895933436,416.27038924222705,72104.3472287663
149.5,305.5652426474387,304.8572394994292,305.5644801077016,303.8813476554388,303.90360049102713,303.88058765056087,416.98754206979817,416.98754183808524,71732.442595839
150.0,305.5650862845938,305.24701025114894,305.5638649152165,303.88600440165084,303.2579819279482,303.8847148177106,417.70098444808116,417.7009840076755,71361.94079210637
150.5,305.5645100685295,306.9595167974613,305.5660405926096,303.8901403824405,303.9722359648075,303.8917063942916,418.4107375684735,418.4107381880954,70992.8455787415
151.0,305.56672690792914,306.3179365970622,305.5667609616131,303.8969070371056,303.44453978976884,303.8969048844368,419.11681425187345,419.1168142872335,70625.15326563624
151.5,305.56748200935795,304.9056490693009,305.56605789933985,303.9023082396888,303.3958262285155,303.9007876693781,419.819225424555,419.81922491314003,70258.86656213626
152.0,305.56681656219297,306.2193415972626,305.5676649131926,303.9060793650463,304.0350318261035,303.90698917804207,420.5179869728785,420.5179874053419,69893.98670535034
152.5,305.56846199801276,304.57747802209286,305.56750615804015,303.911789182565,304.13055208343457,303.91079417787546,421.2131165972543,421.21311610004176,69530.51239374532
153.0,305.56832900297167,305.77829405283245,305.56815374387423,303.91598424729744,303.9218022386817,303.91578878241614,421.9046251257179,421.9046250747607,69168.44380264133
153.5,305.5690110086098,306.0828658633356,305.56914630813094,303.9208172658475,303.5102389239213,303.92091522080136,422.59252515336794,422.59252528370956,68807.78116278586
154.0,305.57003408697176,304.89725575542735,305.57004278879015,303.9262588375912,304.55427854092494,303.9263180282039,423.2768322270307,423.276832159624,68448.52625879688
154.5,305.5709695440232,304.50407611989766,305.5700610414262,303.93147996157603,304.14897756961483,303.93057746504724,423.9575591437053,423.95755864813697,68090.67846249348
155.0,305.5710217544151,305.22860340803584,305.57040196715604,303.9357270256028,303.52261016189556,303.9350887075762,424.6347216955102,424.63472138515283,67734.23836774113
155.5,305.5713957133509,305.84883903542107,305.57168653782105,303.9399025136374,303.72682181468923,303.94019741613613,425.3083336230031,425.30833380838635,67379.20455856076
156.0,305.5727065275358,305.03226289619226,305.5720826953495,303.9453246911507,303.9910701115923,303.944688651586,425.97840798320817,425.97840759981244,67025.57721572767
156.5,305.5731352448978,305.67121579107817,305.57276409181054,303.94993512226085,303.4292628604342,303.9495283951559,426.64495883736913,426.6449586345924,66673.3573693821
157.0,305.57385111119163,305.9271714095577,305.5739825191705,303.95432405599445,303.60157152189674,303.9544450557751,427.30800039289795,427.30800052866414,66322.54377238346
157.5,305.5750947391203,304.9940907927585,305.5737653538027,303.95947436207354,303.34355082343984,303.95811033555685,427.9675497838892,427.96754881365945,65973.1362892303
158.0,305.57490724362134,305.14089585041,305.57343760343184,303.9633304313628,303.33158399532033,303.9618445671488,428.6236161833299,428.62361502670944,65625.1336998472
158.5,305.57461354748614,305.0802878882549,305.5744053261265,303.9664933500421,304.0008026361319,303.96629330153377,429.27621580606393,429.2762156146202,65278.53681804578
159.0,305.5756033996288,305.38365463090815,305.5752263999545,303.97132711285064,304.0007701302824,303.97096117619253,429.92536488917455,429.9253645592404,64933.3437923321
159.5,305.5764549701074,305.738223928302,305.5765670202836,303.975792335264,303.9605001636921,303.9759067670809,430.57107583152225,430.57107590023384,64589.55399837715
160.0,305.57782140562676,305.6438797455359,305.5784018181494,303.9808039966698,304.5196714609492,303.9813813813,431.21336155257654,431.213362005693,64247.16670903317
160.5,305.57968327627304,305.90873485726104,305.58067385645836,303.9860112098806,304.83904000561137,303.9869802840208,431.85223797139747,431.8522387078672,63906.1820133033
161.0,305.58197613531655,305.1165207198858,305.5815301299667,303.9916304253309,304.16181554973053,303.9912116127369,432.4877179549117,432.48771759818476,63566.59809071393
161.5,305.5828547543901,305.90153358864217,305.5827412614772,303.9956638117299,303.63263566010215,303.99553959101337,433.11981528295155,433.11981526086413,63228.41530353683
162.0,305.58408312247445,305.5792031117844,305.5835896548288,304.0000820350041,303.55454972090405,303.99960590737567,433.74854367001143,433.74854344200793,62891.63128811002
162.5,305.5849514083759,305.63465886307705,305.58532830724414,304.0044390376712,304.45371979085894,304.00480506537554,434.37391642577023,434.3739165733078,62556.24618676647
163.0,305.5867156894153,305.5274157757375,305.5867377588898,304.0094408281347,303.97222883159725,304.0094648992636,434.99594848547844,434.99594848009133,62222.25864305065
163.5,305.588146679421,305.3137669209559,305.58825230034546,304.01361156180417,304.3414635114807,304.0137215006718,435.6146562171211,435.6146562238133,61889.66755494266
164.0,305.5896721514058,305.79555388088033,305.59042950503897,304.01850163202386,304.49606628017517,304.0192472871685,436.23005042567775,436.2300506924353,61558.47001912201
164.5,305.5918739458225,305.69872597718154,305.59137017340663,304.0237691541313,303.614410509069,304.0232566142039,436.84214669236013,436.8421465688137,61228.66636719301
165.0,305.5928335544545,305.5575147109514,305.5934903654458,304.0278834086587,304.6890317952812,304.02853202054473,437.45095817997213,437.45095841151334,60900.25483369311
165.5,305.59497502476444,305.57353824179137,305.5948584756801,304.0334124934826,304.07038564976307,304.03329947144294,438.05649907724177,438.0564990231692,60573.23365127177
166.0,305.596370207871,306.4400020065426,305.59734732340604,304.0377143540013,304.25105295972884,304.03863190142806,438.65878166983623,438.65878224302816,60247.6019294641
166.5,305.59887439867475,305.7479233387341,305.5990136198568,304.0433005908192,304.19045873858533,304.0434302517094,439.2578236730037,439.2578237420268,59923.35815622776
167.0,305.6005627973213,305.1695299815733,305.6004301235149,304.0477408656166,304.5776997939592,304.04763172751433,439.85363810911264,439.85363801806307,59600.49976650533
167.5,305.60199420804753,305.2934575987909,305.6011452058694,304.05220364086455,303.4319877442801,304.051388506744,440.4462364157417,440.44623617433035,59279.02475932983
168.0,305.6027302663258,305.4234125223921,305.6014252959812,304.05569068466536,302.7515398581955,304.0544393468767,441.0356286436753,441.03562832821643,58958.93290249876
168.5,305.60302578568917,305.84960603239665,305.6036006866011,304.05879449383747,304.39531677329364,304.05933711511335,441.62183704547124,441.62183720291137,58640.224439744874
169.0,305.6052159465346,305.4482379137279,305.6050277220469,304.06345993079873,304.00377963435267,304.06328156393744,442.2048705276353,442.2048704669316,58322.89273247027
169.5,305.6066536247516,305.8802211845606,305.60667349618967,304.067750486708,303.87335645662785,304.06775795279054,442.78474484945167,442.78474488378384,58006.939220967695
170.0,305.6083173655883,305.2206455212071,305.6080386098033,304.07191993138275,303.844294079971,304.071649821582,443.3614711854203,443.3614711009543,57692.36036072147
170.5,305.60969411584983,305.44414916229795,305.60961336413396,304.07586224898637,304.12332579466863,304.0757894032823,443.9350656816099,443.9350656563192,57379.15586150196
171.0,305.6112817378096,305.20130298067926,305.61105810270664,304.0803697045809,304.44966003813704,304.08016591286776,444.50554328074816,444.50554325692036,57067.32217472639
171.5,305.61274788519523,306.10378631297203,305.6136945516571,304.08441831061094,304.80944514542057,304.0853600106946,445.07291414540197,445.07291427731076,56756.856681241676
172.0,305.61539782196434,306.13464582030105,305.6158597187493,304.08952699100394,304.0819311891946,304.0899675693696,445.6371908693584,445.6371909694324,56447.75906061819
172.5,305.6175742899049,305.71055908266743,305.6177009969105,304.09429100023885,304.41688472292964,304.0944203289183,446.19839313892413,446.1983931699487,56140.027915491984
173.0,305.61943101330496,305.31317464258314,305.6193860578858,304.09864200318015,304.3151866513883,304.09860699937184,446.7565307152338,446.7565307105012,55833.65764928153
173.5,305.62112944479213,305.30351814269795,305.6208075618672,304.10304459483325,304.2468810553528,304.1027246918903,447.31161585018447,447.31161585307274,55528.648062706765
174.0,305.6225690425035,305.9822886227956,305.62282559655597,304.1070795307377,304.2071840526828,304.1073349576628,447.8636671297465,447.8636671493382,55224.99757614757
174.5,305.62460322251735,306.10303951510866,305.6258395484667,304.111514225794,304.80464358874934,304.1127983627345,448.4126936359314,448.4126936651108,54922.70110883788
175.0,305.6276304904959,305.35544963110533,305.62795622578597,304.1170271623321,304.74974131019246,304.11739071718426,448.9587098342222,448.95870987726937,54621.75871348703
175.5,305.62976143440426,305.7932736253201,305.63003283723793,304.1214517264479,304.51789664799264,304.12173815223514,449.501731105029,449.5017311687781,54322.167424940366
176.0,305.6318480693524,305.8038959945294,305.6321276392957,304.12601554839506,304.33761139909666,304.1263029197117,450.04176855770675,450.04176861082016,54023.92372125634
176.5,305.63395772400986,306.22996926714296,305.6349332552911,304.1305762602252,304.61899582884666,304.13157821332777,450.5788351897112,450.57883538006155,53727.02639173895
177.0,305.63677854280775,305.13414590480045,305.6366829677095,304.1357628536333,304.51894291185704,304.1356962114338,451.1129476810157,451.11294772383025,53431.47301576592
177.5,305.63854152541904,304.93727405093074,305.6381459146341,304.139816134898,304.39495152362696,304.13944632548356,451.64411591673127,451.6441158960494,53137.25942557379
178.0,305.6400162578029,305.02977716818634,305.6396999650298,304.14341376345436,304.52671353825554,304.1431201157464,452.17235380915264,452.172353848494,52844.38469863137
178.5,305.6415786490871,305.46563258295475,305.6409121110886,304.14692968123734,303.7010947013132,304.1462334133849,452.69767836641586,452.6976783712717,52552.84582270485
179.0,305.64279451798546,305.5966218426427,305.64271517871543,304.15002005125785,304.1061258491382,304.14993822268343,453.22010054277825,453.22010053907826,52262.63816150129
179.5,305.64460163832524,306.2077947369233,305.64527356043794,304.1537703829708,304.1349072115875,304.15445232880074,453.73963271638064,453.7396327439994,51973.76017976423
180.0,305.64716561224617,305.0041858266684,305.64659590231184,304.15830899528635,304.15830900924306,304.157740868844,454.2562900716662,454.2562900709337,51686.20956426836
180.5,305.6484940998293,305.3186810620311,305.64827939175603,304.16154742905076,304.0904090145467,304.1613346781489,454.770082094309,454.77008211457104,51399.98245840058
181.0,305.65018277899634,305.00015964281806,305.6498541959572,304.165539034181,304.25438923131594,304.1652172865857,455.2810272171293,455.2810272299288,51115.07799529404
181.5,305.65177213081415,306.3943256981693,305.6522750310134,304.1693817310802,304.0736328259568,304.16988228917705,455.7891356275636,455.78913570133324,50831.49039923547
182.0,305.65420639139944,306.27803343418935,305.6549530596533,304.17361972781373,304.31664788732377,304.17437411916444,456.2944195995598,456.29441981932314,50549.21831818045
182.5,305.6568883499346,305.6246528492048,305.65695729682034,304.1786264203185,304.34966683561754,304.17869632555727,456.7968949429354,456.79689495665735,50268.259238939005
183.0,305.6589083314549,304.64610151660105,305.6580929649214,304.1823948693314,304.26832710924435,304.18159377939463,457.2965725222473,457.2965723053231,49988.60888331034
183.5,305.66004734980805,305.11620489747617,305.65907749204973,304.18530558066186,303.74641515265364,304.18436479407865,457.7934677428932,457.7934675745597,49710.26524836676
184.0,305.6610360857809,306.33119374656854,305.6612169627887,304.18819618491926,303.95781701443906,304.1883671174242,458.2875891475145,458.2875891626617,49433.22376557211
184.5,305.6631818082616,305.7856706480805,305.66284008930137,304.1925738887865,303.90674373662836,304.1922346658773,458.7789561262066,458.77895608499523,49157.48389346935
185.0,305.6648202339669,305.2221962126427,305.6635895223546,304.1960302924264,303.14815497486904,304.19483109415444,459.26757476531725,459.2675748054897,48883.039118279325
185.5,305.6655761520031,305.28184549145374,305.66514351498535,304.1986969310684,303.78030638972706,304.1982756714948,459.7534628104544,459.75346282441933,48609.88988559079
186.0,305.6671379221701,305.0932779096317,305.6673786241111,304.2021448547142,304.93602471465255,304.20239885047005,460.23662941185756,460.23662932347287,48338.03042803352
186.5,305.6693810421713,305.509843567121,305.6685850134734,304.20656137895384,303.66986217328326,304.2057795006782,460.7170921950781,460.7170922001736,48067.45958213466
187.0,305.6706023240709,305.7627064069289,305.6705860485262,304.20949974128956,304.14632518896013,304.2094823031211,461.194860971038,461.1948609737889,47798.171257288755
187.5,305.67260765730333,306.6002234616775,305.67306623705963,304.2133437544986,303.85973993599,304.21376483128245,461.6699475811853,461.6699477302708,47530.16400830268
188.0,305.6750947425852,306.44230705981715,305.67536610511775,304.217318261385,303.78272763569197,304.2175623934355,462.14236996086174,462.1423701011263,47263.43490833527
188.5,305.67739474770684,306.03686079721524,305.6773011136867,304.22151938830785,303.44490436969716,304.22141733151915,462.6121363908028,462.612136469391,46997.97786854187
189.0,305.67933992405307,305.0037661448828,305.67843853690437,304.22555785934185,303.8372015065518,304.2246999913773,463.0792609767648,463.07926075462717,46733.791948671475
189.5,305.6804930140668,305.24068367516946,305.680675478446,304.2284930308116,304.84336357295325,304.2286784582073,463.5437561947149,463.54375615189025,46470.87305400895
190.0,305.6827365565247,305.2408742536077,305.6822292039844,304.23245109367036,303.99529033868305,304.23196996332956,464.00563505645596,464.0056349470436,46209.217451107055
190.5,305.68429706670753,306.21796946452514,305.6853697195785,304.2357792535563,304.9259299528915,304.23680234404924,464.4649080903317,464.46490834603816,45948.821873988796
191.0,305.6874435696253,305.4187914581109,305.68767256277084,304.2403267047535,304.7059586283412,304.2405555716578,464.9215909483414,464.9215909238802,45689.68362294705
191.5,305.68974705179437,305.674382833597,305.6904191345668,304.24407714968305,305.22599423872794,304.2447494865474,465.3756902167386,465.3756902582575,45431.798054013656
192.0,305.692494444763,305.74383888707575,305.69251418748223,304.24854487243186,304.33437733840935,304.2485658163272,465.8272252500559,465.82722525056613,45175.16443249704
192.5,305.69459695003906,305.4649139929316,305.69458156616776,304.25232864003095,304.3910024338556,304.2523174396348,466.2762050271985,466.2762050260496,44919.775582620285
193.0,305.6966711797037,305.97720221490266,305.6968414788986,304.25592458546913,304.1252916861062,304.2560847405644,466.72264382861795,466.72264383004784,44665.629810645485
193.5,305.6989340749111,306.5152698386331,305.6995978281632,304.25990869921134,304.23613439359565,304.26054697385973,467.16655479618623,467.1665547909732,44412.72248513813
194.0,305.7016982923877,305.10341473778357,305.7006240400349,304.26399848518855,303.42301268802163,304.26296137826284,467.60794540454685,467.60794573161746,44161.04956326661
194.5,305.70272520155066,305.50026747132137,305.70230458921776,304.26668404984525,303.8458521889677,304.2662741002575,468.04683360858826,468.04683370338915,43910.60997116419
195.0,305.70441239875754,306.1255102478592,305.7051390686887,304.2699242685479,304.7224449215094,304.2706312915455,468.4832276548801,468.48322749444543,43661.39735977474
195.5,305.7072512127373,305.8494479217613,305.7074784189456,304.27461119213245,304.3589223283247,304.27483599831044,468.9171446909063,468.91714467764433,43413.41002874689
196.0,305.7096031749987,305.9667208415502,305.7100695211113,304.27844450187666,304.718970778778,304.278898902642,469.3485911477897,469.34859112145637,43166.64124591588
196.5,305.7121979111537,305.35910039887807,305.7126609746609,304.2823835024125,305.1480569634177,304.2828427088765,469.77758156687304,469.7775814406987,42921.090894003864
197.0,305.71479043203385,305.8633373184285,305.7159158021122,304.28653521829773,305.319616461626,304.28762478373767,470.2041287280532,470.20412846108826,42676.75384379146
197.5,305.71805067115105,305.2584913099436,305.7171429276222,304.29128251537566,303.63796229556124,304.2904023222337,470.62824605564526,470.6282462821894,42433.62594296288
198.0,305.7192839918848,304.6092651285495,305.7181547253879,304.29441253307743,304.1471148629457,304.29333782465534,471.049939812977,471.0499401397795,42191.7022724539
198.5,305.7203110153107,305.5987650637918,305.71991456450587,304.29687534512686,304.11546583214476,304.29650270144293,471.4692257205311,471.4692258501469,41950.982933174455
199.0,305.7220741057614,305.238529325868,305.7217420945566,304.3002298065983,304.4355022663858,304.2999192876359,471.8861167691448,471.88611690741396,41711.46195311415
199.5,305.723909458105,306.82466489233923,305.72429073221736,304.3036598355043,303.6406363764381,304.30399408606144,472.30062537212615,472.3006253643273,41473.13464427714
200.0,305.72646466822073,305.3325773723574,305.7260722656059,304.3076279178814,304.2524530147195,304.30724150641,472.71276200392475,472.7127620652227,41235.99710379737
